id,name,model_id:id,group_id:id,perm_read,perm_write,perm_create,perm_unlink

access_amanat_dashboard_admin,amanat.dashboard,model_amanat_dashboard,group_amanat_admin,1,1,1,1
access_amanat_dashboard_senior_manager,amanat.dashboard,model_amanat_dashboard,group_amanat_senior_manager,1,1,1,1
access_amanat_dashboard_director,amanat.dashboard,model_amanat_dashboard,group_amanat_director,1,1,1,1
access_amanat_dashboard_manager,amanat.dashboard,model_amanat_dashboard,group_amanat_manager,0,0,0,0
access_amanat_dashboard_inspector,amanat.dashboard,model_amanat_dashboard,group_amanat_inspector,0,0,0,0

access_amanat_analytics_dashboard_admin,amanat.analytics_dashboard,model_amanat_analytics_dashboard,group_amanat_admin,1,1,1,1
access_amanat_analytics_dashboard_senior_manager,amanat.analytics_dashboard,model_amanat_analytics_dashboard,group_amanat_senior_manager,1,1,1,1
access_amanat_analytics_dashboard_director,amanat.analytics_dashboard,model_amanat_analytics_dashboard,group_amanat_director,1,1,1,1
access_amanat_analytics_dashboard_manager,amanat.analytics_dashboard,model_amanat_analytics_dashboard,group_amanat_manager,0,0,0,0
access_amanat_analytics_dashboard_inspector,amanat.analytics_dashboard,model_amanat_analytics_dashboard,group_amanat_inspector,0,0,0,0

access_amanat_contragent_admin,amanat.contragent,model_amanat_contragent,group_amanat_admin,1,1,1,1
access_amanat_contragent_senior_manager,amanat.contragent,model_amanat_contragent,group_amanat_senior_manager,1,1,1,1
access_amanat_contragent_fin_manager_jess,amanat.contragent,model_amanat_contragent,group_amanat_fin_manager_jess,1,1,1,1
access_amanat_contragent_fin_manager,amanat.contragent,model_amanat_contragent,group_amanat_fin_manager,1,1,1,1
access_amanat_contragent_director,amanat.contragent,model_amanat_contragent,group_amanat_director,1,1,1,1
access_amanat_contragent_manager,amanat.contragent,model_amanat_contragent,group_amanat_manager,1,1,1,1
access_amanat_contragent_inspector,amanat.contragent,model_amanat_contragent,group_amanat_inspector,1,0,0,0

access_amanat_payer_admin,amanat.payer,model_amanat_payer,group_amanat_admin,1,1,1,1
access_amanat_payer_senior_manager,amanat.payer,model_amanat_payer,group_amanat_senior_manager,1,1,1,1
access_amanat_payer_fin_manager_jess,amanat.payer,model_amanat_payer,group_amanat_fin_manager_jess,1,1,1,1
access_amanat_payer_fin_manager,amanat.payer,model_amanat_payer,group_amanat_fin_manager,1,1,1,1
access_amanat_payer_director,amanat.payer,model_amanat_payer,group_amanat_director,1,1,1,1
access_amanat_payer_manager,amanat.payer,model_amanat_payer,group_amanat_manager,1,1,1,1
access_amanat_payer_inspector,amanat.payer,model_amanat_payer,group_amanat_inspector,1,0,0,0

access_amanat_transfer_admin,amanat.transfer,model_amanat_transfer,group_amanat_admin,1,1,1,1
access_amanat_transfer_senior_manager,amanat.transfer,model_amanat_transfer,group_amanat_senior_manager,1,1,1,1
access_amanat_transfer_fin_manager_jess,amanat.transfer,model_amanat_transfer,group_amanat_fin_manager_jess,1,1,1,1
access_amanat_transfer_fin_manager,amanat.transfer,model_amanat_transfer,group_amanat_fin_manager,1,0,0,0
access_amanat_transfer_director,amanat.transfer,model_amanat_transfer,group_amanat_director,1,1,1,1
access_amanat_transfer_manager,amanat.transfer,model_amanat_transfer,group_amanat_manager,1,1,1,0
access_amanat_transfer_inspector,amanat.transfer,model_amanat_transfer,group_amanat_inspector,1,0,0,0

access_amanat_wallet_admin,amanat.wallet,model_amanat_wallet,group_amanat_admin,1,1,1,1
access_amanat_wallet_senior_manager,amanat.wallet,model_amanat_wallet,group_amanat_senior_manager,1,1,1,1
access_amanat_wallet_fin_manager_jess,amanat.wallet,model_amanat_wallet,group_amanat_fin_manager_jess,1,1,1,1
access_amanat_wallet_fin_manager,amanat.wallet,model_amanat_wallet,group_amanat_fin_manager,1,1,1,1
access_amanat_wallet_director,amanat.wallet,model_amanat_wallet,group_amanat_director,1,1,1,1
access_amanat_wallet_manager,amanat.wallet,model_amanat_wallet,group_amanat_manager,1,0,0,0
access_amanat_wallet_inspector,amanat.wallet,model_amanat_wallet,group_amanat_inspector,1,0,0,0

access_amanat_activity_admin,amanat.activity,model_amanat_activity,group_amanat_admin,1,1,1,1
access_amanat_activity_senior_manager,amanat.activity,model_amanat_activity,group_amanat_senior_manager,1,1,1,1
access_amanat_activity_director,amanat.activity,model_amanat_activity,group_amanat_director,1,1,1,1
access_amanat_activity_manager,amanat.activity,model_amanat_activity,group_amanat_manager,1,1,1,0
access_amanat_activity_inspector,amanat.activity,model_amanat_activity,group_amanat_inspector,1,0,0,0

access_amanat_order_admin,amanat.order,model_amanat_order,group_amanat_admin,1,1,1,1
access_amanat_order_senior_manager,amanat.order,model_amanat_order,group_amanat_senior_manager,1,1,1,1
access_amanat_order_fin_manager_jess,amanat.order,model_amanat_order,group_amanat_fin_manager_jess,1,1,1,1
access_amanat_order_fin_manager,amanat.order,model_amanat_order,group_amanat_fin_manager,1,1,1,1
access_amanat_order_director,amanat.order,model_amanat_order,group_amanat_director,1,1,1,1
access_amanat_order_manager,amanat.order,model_amanat_order,group_amanat_manager,1,1,1,0
access_amanat_order_inspector,amanat.order,model_amanat_order,group_amanat_inspector,1,0,0,0

access_amanat_money_admin,amanat.money,model_amanat_money,group_amanat_admin,1,1,1,1
access_amanat_money_senior_manager,amanat.money,model_amanat_money,group_amanat_senior_manager,1,1,1,1
access_amanat_money_fin_manager_jess,amanat.money,model_amanat_money,group_amanat_fin_manager_jess,1,1,1,1
access_amanat_money_fin_manager,amanat.money,model_amanat_money,group_amanat_fin_manager,1,1,1,1
access_amanat_money_director,amanat.money,model_amanat_money,group_amanat_director,1,1,1,1
access_amanat_money_manager,amanat.money,model_amanat_money,group_amanat_manager,1,1,1,0
access_amanat_money_inspector,amanat.money,model_amanat_money,group_amanat_inspector,1,0,0,0

access_amanat_reconciliation_admin,amanat.reconciliation,model_amanat_reconciliation,group_amanat_admin,1,1,1,1
access_amanat_reconciliation_senior_manager,amanat.reconciliation,model_amanat_reconciliation,group_amanat_senior_manager,1,1,1,1
access_amanat_reconciliation_fin_manager_jess,amanat.reconciliation,model_amanat_reconciliation,group_amanat_fin_manager_jess,1,1,1,1
access_amanat_reconciliation_fin_manager,amanat.reconciliation,model_amanat_reconciliation,group_amanat_fin_manager,1,1,1,1
access_amanat_reconciliation_director,amanat.reconciliation,model_amanat_reconciliation,group_amanat_director,1,1,1,1
access_amanat_reconciliation_manager,amanat.reconciliation,model_amanat_reconciliation,group_amanat_manager,1,1,1,1
access_amanat_reconciliation_inspector,amanat.reconciliation,model_amanat_reconciliation,group_amanat_inspector,1,0,0,0

access_amanat_ranges_admin,amanat.ranges,model_amanat_ranges,group_amanat_admin,1,1,1,1
access_amanat_ranges_senior_manager,amanat.ranges,model_amanat_ranges,group_amanat_senior_manager,1,1,1,1
access_amanat_ranges_director,amanat.ranges,model_amanat_ranges,group_amanat_director,1,1,1,1
access_amanat_ranges_manager,amanat.ranges,model_amanat_ranges,group_amanat_manager,1,0,0,0
access_amanat_ranges_inspector,amanat.ranges,model_amanat_ranges,group_amanat_inspector,1,0,0,0

access_amanat_rates_admin,amanat.rates,model_amanat_rates,group_amanat_admin,1,1,1,1
access_amanat_rates_senior_manager,amanat.rates,model_amanat_rates,group_amanat_senior_manager,1,1,1,1
access_amanat_rates_director,amanat.rates,model_amanat_rates,group_amanat_director,1,1,1,1
access_amanat_rates_manager,amanat.rates,model_amanat_rates,group_amanat_manager,1,1,1,1
access_amanat_rates_inspector,amanat.rates,model_amanat_rates,group_amanat_inspector,1,0,0,0

access_amanat_writeoff_admin,amanat.writeoff,model_amanat_writeoff,group_amanat_admin,1,1,1,1
access_amanat_writeoff_senior_manager,amanat.writeoff,model_amanat_writeoff,group_amanat_senior_manager,1,1,1,1
access_amanat_writeoff_fin_manager_jess,amanat.writeoff,model_amanat_writeoff,group_amanat_fin_manager_jess,1,1,1,1
access_amanat_writeoff_fin_manager,amanat.writeoff,model_amanat_writeoff,group_amanat_fin_manager,1,1,1,1
access_amanat_writeoff_director,amanat.writeoff,model_amanat_writeoff,group_amanat_director,1,1,1,1
access_amanat_writeoff_manager,amanat.writeoff,model_amanat_writeoff,group_amanat_manager,1,1,1,0
access_amanat_writeoff_inspector,amanat.writeoff,model_amanat_writeoff,group_amanat_inspector,1,0,0,0

access_amanat_conversion_admin,amanat.conversion,model_amanat_conversion,group_amanat_admin,1,1,1,1
access_amanat_conversion_senior_manager,amanat.conversion,model_amanat_conversion,group_amanat_senior_manager,1,1,1,1
access_amanat_conversion_fin_manager_jess,amanat.conversion,model_amanat_conversion,group_amanat_fin_manager_jess,1,1,1,1
access_amanat_conversion_director,amanat.conversion,model_amanat_conversion,group_amanat_director,1,1,1,1
access_amanat_conversion_manager,amanat.conversion,model_amanat_conversion,group_amanat_manager,1,1,1,0
access_amanat_conversion_inspector,amanat.conversion,model_amanat_conversion,group_amanat_inspector,1,0,0,0

access_amanat_extract_delivery_admin,amanat.extract_delivery,model_amanat_extract_delivery,group_amanat_admin,1,1,1,1
access_amanat_extract_delivery_senior_manager,amanat.extract_delivery,model_amanat_extract_delivery,group_amanat_senior_manager,1,1,1,1
access_amanat_extract_delivery_fin_manager_jess,amanat.extract_delivery,model_amanat_extract_delivery,group_amanat_fin_manager_jess,1,1,1,1
access_amanat_extract_delivery_director,amanat.extract_delivery,model_amanat_extract_delivery,group_amanat_director,1,1,1,1
access_amanat_extract_delivery_manager,amanat.extract_delivery,model_amanat_extract_delivery,group_amanat_manager,1,0,0,0
access_amanat_extract_delivery_inspector,amanat.extract_delivery,model_amanat_extract_delivery,group_amanat_inspector,1,0,0,0
access_amanat_extract_delivery_treasurer,amanat.extract_delivery,model_amanat_extract_delivery,group_amanat_treasurer,1,1,1,0

access_amanat_country_admin,amanat.country,model_amanat_country,group_amanat_admin,1,1,1,1
access_amanat_country_senior_manager,amanat.country,model_amanat_country,group_amanat_senior_manager,1,1,1,1
access_amanat_country_fin_manager_jess,amanat.country,model_amanat_country,group_amanat_fin_manager_jess,1,1,1,1
access_amanat_country_fin_manager,amanat.country,model_amanat_country,group_amanat_fin_manager,1,1,1,1
access_amanat_country_director,amanat.country,model_amanat_country,group_amanat_director,1,1,1,1
access_amanat_country_manager,amanat.country,model_amanat_country,group_amanat_manager,1,1,1,1
access_amanat_country_inspector,amanat.country,model_amanat_country,group_amanat_inspector,1,0,0,0

access_amanat_zayavka_admin,amanat.zayavka,model_amanat_zayavka,group_amanat_admin,1,1,1,1
access_amanat_zayavka_senior_manager,amanat.zayavka,model_amanat_zayavka,group_amanat_senior_manager,1,1,1,1
access_amanat_zayavka_fin_manager,amanat.zayavka,model_amanat_zayavka,group_amanat_fin_manager,1,1,1,1
access_amanat_zayavka_director,amanat.zayavka,model_amanat_zayavka,group_amanat_director,1,1,1,1
access_amanat_zayavka_manager,amanat.zayavka,model_amanat_zayavka,group_amanat_manager,1,1,1,1
access_amanat_zayavka_inspector,amanat.zayavka,model_amanat_zayavka,group_amanat_inspector,1,0,0,0
access_amanat_zayavka_treasurer,amanat.zayavka,model_amanat_zayavka,group_amanat_treasurer,1,0,0,0

access_amanat_reserve_admin,amanat.reserve,model_amanat_reserve,group_amanat_admin,1,1,1,1
access_amanat_reserve_senior_manager,amanat.reserve,model_amanat_reserve,group_amanat_senior_manager,1,1,1,1
access_amanat_reserve_fin_manager_jess,amanat.reserve,model_amanat_reserve,group_amanat_fin_manager_jess,1,1,1,1
access_amanat_reserve_director,amanat.reserve,model_amanat_reserve,group_amanat_director,1,1,1,1
access_amanat_reserve_manager,amanat.reserve,model_amanat_reserve,group_amanat_manager,0,0,0,0
access_amanat_reserve_inspector,amanat.reserve,model_amanat_reserve,group_amanat_inspector,1,0,0,0

access_amanat_kassa_ivan_admin,amanat.kassa_ivan,model_amanat_kassa_ivan,group_amanat_admin,1,1,1,1
access_amanat_kassa_ivan_senior_manager,amanat.kassa_ivan,model_amanat_kassa_ivan,group_amanat_senior_manager,1,1,1,1
access_amanat_kassa_ivan_director,amanat.kassa_ivan,model_amanat_kassa_ivan,group_amanat_director,1,1,1,1
access_amanat_kassa_ivan_fin_manager,amanat.kassa_ivan,model_amanat_kassa_ivan,group_amanat_fin_manager,1,1,1,1
access_amanat_kassa_ivan_manager,amanat.kassa_ivan,model_amanat_kassa_ivan,group_amanat_manager,0,0,0,0
access_amanat_kassa_ivan_inspector,amanat.kassa_ivan,model_amanat_kassa_ivan,group_amanat_inspector,1,0,0,0

access_amanat_kassa_2_admin,amanat.kassa_2,model_amanat_kassa_2,group_amanat_admin,1,1,1,1
access_amanat_kassa_2_senior_manager,amanat.kassa_2,model_amanat_kassa_2,group_amanat_senior_manager,1,1,1,1
access_amanat_kassa_2_director,amanat.kassa_2,model_amanat_kassa_2,group_amanat_director,1,1,1,1
access_amanat_kassa_2_fin_manager,amanat.kassa_2,model_amanat_kassa_2,group_amanat_fin_manager,1,1,1,1
access_amanat_kassa_2_manager,amanat.kassa_2,model_amanat_kassa_2,group_amanat_manager,0,0,0,0
access_amanat_kassa_2_inspector,amanat.kassa_2,model_amanat_kassa_2,group_amanat_inspector,1,0,0,0

access_amanat_kassa_3_admin,amanat.kassa_3,model_amanat_kassa_3,group_amanat_admin,1,1,1,1
access_amanat_kassa_3_senior_manager,amanat.kassa_3,model_amanat_kassa_3,group_amanat_senior_manager,1,1,1,1
access_amanat_kassa_3_director,amanat.kassa_3,model_amanat_kassa_3,group_amanat_director,1,1,1,1
access_amanat_kassa_3_fin_manager,amanat.kassa_3,model_amanat_kassa_3,group_amanat_fin_manager,1,1,1,1
access_amanat_kassa_3_manager,amanat.kassa_3,model_amanat_kassa_3,group_amanat_manager,0,0,0,0
access_amanat_kassa_3_inspector,amanat.kassa_3,model_amanat_kassa_3,group_amanat_inspector,1,0,0,0

access_amanat_price_list_partners_admin,amanat.price_list_partners,model_amanat_price_list_partners,group_amanat_admin,1,1,1,1
access_amanat_price_list_partners_director,amanat.price_list_partners,model_amanat_price_list_partners,group_amanat_director,1,1,1,1
access_amanat_price_list_partners_fin_manager,amanat.price_list_partners,model_amanat_price_list_partners,group_amanat_fin_manager,1,1,1,1
access_amanat_price_list_partners_senior_manager,amanat.price_list_partners,model_amanat_price_list_partners,group_amanat_senior_manager,1,1,1,1
access_amanat_price_list_partners_manager,amanat.price_list_partners,model_amanat_price_list_partners,group_amanat_manager,1,1,1,1
access_amanat_price_list_partners_inspector,amanat.price_list_partners,model_amanat_price_list_partners,group_amanat_inspector,1,0,0,0

access_amanat_price_list_payer_profit_admin,amanat.price_list_payer_profit,model_amanat_price_list_payer_profit,group_amanat_admin,1,1,1,1
access_amanat_price_list_payer_profit_director,amanat.price_list_payer_profit,model_amanat_price_list_payer_profit,group_amanat_director,1,1,1,1
access_amanat_price_list_payer_profit_fin_manager,amanat.price_list_payer_profit,model_amanat_price_list_payer_profit,group_amanat_fin_manager,1,1,1,1
access_amanat_price_list_payer_profit_senior_manager,amanat.price_list_payer_profit,model_amanat_price_list_payer_profit,group_amanat_senior_manager,1,1,1,1
access_amanat_price_list_payer_profit_manager,amanat.price_list_payer_profit,model_amanat_price_list_payer_profit,group_amanat_manager,1,1,1,1
access_amanat_price_list_payer_profit_inspector,amanat.price_list_payer_profit,model_amanat_price_list_payer_profit,group_amanat_inspector,1,0,0,0

access_amanat_task_admin,amanat.task,model_amanat_task,group_amanat_admin,1,1,1,1
access_amanat_task_director,amanat.task,model_amanat_task,group_amanat_director,1,1,1,1
access_amanat_task_senior_manager,amanat.task,model_amanat_task,group_amanat_senior_manager,1,1,1,1
access_amanat_task_manager,amanat.task,model_amanat_task,group_amanat_manager,0,0,0,0
access_amanat_task_inspector,amanat.task,model_amanat_task,group_amanat_inspector,1,0,0,0

access_amanat_payment_admin,amanat.payment,model_amanat_payment,group_amanat_admin,1,1,1,1
access_amanat_payment_director,amanat.payment,model_amanat_payment,group_amanat_director,1,1,1,1
access_amanat_payment_senior_manager,amanat.payment,model_amanat_payment,group_amanat_senior_manager,1,1,1,1
access_amanat_payment_manager,amanat.payment,model_amanat_payment,group_amanat_manager,0,0,0,0
access_amanat_payment_inspector,amanat.payment,model_amanat_payment,group_amanat_inspector,1,0,0,0

access_amanat_gold_deal_admin,amanat.gold_deal,model_amanat_gold_deal,group_amanat_admin,1,1,1,1
access_amanat_gold_deal_director,amanat.gold_deal,model_amanat_gold_deal,group_amanat_director,1,1,1,1

access_amanat_partner_gold_admin,amanat.partner_gold,model_amanat_partner_gold,group_amanat_admin,1,1,1,1
access_amanat_partner_gold_director,amanat.partner_gold,model_amanat_partner_gold,group_amanat_director,1,1,1,1

access_amanat_period_admin,amanat.period,model_amanat_period,group_amanat_admin,1,1,1,1
access_amanat_period_director,amanat.period,model_amanat_period,group_amanat_director,1,1,1,1
access_amanat_period_senior_manager,amanat.period,model_amanat_period,group_amanat_senior_manager,1,1,1,1
access_amanat_period_fin_manager,amanat.period,model_amanat_period,group_amanat_fin_manager,1,1,1,1
access_amanat_period_manager,amanat.period,model_amanat_period,group_amanat_manager,1,0,0,0
access_amanat_period_inspector,amanat.period,model_amanat_period,group_amanat_inspector,1,0,0,0

access_amanat_extracts_admin,amanat.extracts,model_amanat_extracts,group_amanat_admin,1,1,1,1
access_amanat_extracts_director,amanat.extracts,model_amanat_extracts,group_amanat_director,1,1,1,1
access_amanat_extracts_senior_manager,amanat.extracts,model_amanat_extracts,group_amanat_senior_manager,1,1,1,1
access_amanat_extracts_fin_manager_jess,amanat.extracts,model_amanat_extracts,group_amanat_fin_manager_jess,1,1,1,1
access_amanat_extracts_manager,amanat.extracts,model_amanat_extracts,group_amanat_manager,0,0,0,0
access_amanat_extracts_inspector,amanat.extracts,model_amanat_extracts,group_amanat_inspector,1,0,0,0
access_amanat_extracts_treasurer,amanat.extracts,model_amanat_extracts,group_amanat_treasurer,1,1,1,0

access_amanat_sverka_files_admin,amanat.sverka_files,model_amanat_sverka_files,group_amanat_admin,1,1,1,1
access_amanat_sverka_files_senior_manager,amanat.sverka_files,model_amanat_sverka_files,group_amanat_senior_manager,1,1,1,1
access_amanat_sverka_files_director,amanat.sverka_files,model_amanat_sverka_files,group_amanat_director,1,1,1,1
access_amanat_sverka_files_fin_manager_jess,amanat.sverka_files,model_amanat_sverka_files,group_amanat_fin_manager_jess,1,1,1,1
access_amanat_sverka_files_manager,amanat.sverka_files,model_amanat_sverka_files,group_amanat_manager,0,0,0,0
access_amanat_sverka_files_inspector,amanat.sverka_files,model_amanat_sverka_files,group_amanat_inspector,1,0,0,0

access_amanat_kassa_files_admin,amanat.kassa_files,model_amanat_kassa_files,group_amanat_admin,1,1,1,1
access_amanat_kassa_files_director,amanat.kassa_files,model_amanat_kassa_files,group_amanat_director,1,1,1,1
access_amanat_kassa_files_senior_manager,amanat.kassa_files,model_amanat_kassa_files,group_amanat_senior_manager,1,1,1,1
access_amanat_kassa_files_fin_manager_jess,amanat.kassa_files,model_amanat_kassa_files,group_amanat_fin_manager_jess,1,1,1,1
access_amanat_kassa_files_manager,amanat.kassa_files,model_amanat_kassa_files,group_amanat_manager,1,1,1,0
access_amanat_kassa_files_inspector,amanat.kassa_files,model_amanat_kassa_files,group_amanat_inspector,1,0,0,0

access_amanat_investment_admin,amanat.investment,model_amanat_investment,group_amanat_admin,1,1,1,1
access_amanat_investment_director,amanat.investment,model_amanat_investment,group_amanat_director,1,1,1,1
access_amanat_investment_senior_manager,amanat.investment,model_amanat_investment,group_amanat_senior_manager,1,1,1,1
access_amanat_investment_fin_manager_jess,amanat.investment,model_amanat_investment,group_amanat_fin_manager_jess,1,1,1,1
access_amanat_investment_manager,amanat.investment,model_amanat_investment,group_amanat_manager,0,0,0,0
access_amanat_investment_inspector,amanat.investment,model_amanat_investment,group_amanat_inspector,1,0,0,0

access_amanat_manager_admin,amanat.manager,model_amanat_manager,group_amanat_admin,1,1,1,1
access_amanat_manager_director,amanat.manager,model_amanat_manager,group_amanat_director,1,1,1,1
access_amanat_manager_senior_manager,amanat.manager,model_amanat_manager,group_amanat_senior_manager,1,1,1,1
access_amanat_manager_fin_manager_jess,amanat.manager,model_amanat_manager,group_amanat_fin_manager_jess,1,1,1,1
access_amanat_manager_fin_manager,amanat.manager,model_amanat_manager,group_amanat_fin_manager,1,1,1,1
access_amanat_manager_manager,amanat.manager,model_amanat_manager,group_amanat_manager,1,1,1,1
access_amanat_manager_inspector,amanat.manager,model_amanat_manager,group_amanat_inspector,1,0,0,0

access_amanat_price_list_payer_carrying_out_admin,amanat.price_list_payer_carrying_out,model_amanat_price_list_payer_carrying_out,group_amanat_admin,1,1,1,1
access_amanat_price_list_payer_carrying_out_director,amanat.price_list_payer_carrying_out,model_amanat_price_list_payer_carrying_out,group_amanat_director,1,1,1,1
access_amanat_price_list_payer_carrying_out_fin_manager,amanat.price_list_payer_carrying_out,model_amanat_price_list_payer_carrying_out,group_amanat_fin_manager,1,1,1,1
access_amanat_price_list_payer_carrying_out_senior_manager,amanat.price_list_payer_carrying_out,model_amanat_price_list_payer_carrying_out,group_amanat_senior_manager,1,1,1,1
access_amanat_price_list_payer_carrying_out_manager,amanat.price_list_payer_carrying_out,model_amanat_price_list_payer_carrying_out,group_amanat_manager,1,0,0,0
access_amanat_price_list_payer_carrying_out_inspector,amanat.price_list_payer_carrying_out,model_amanat_price_list_payer_carrying_out,group_amanat_inspector,1,0,0,0

access_amanat_payment_order_rule_admin,amanat.payment_order_rule,model_amanat_payment_order_rule,group_amanat_admin,1,1,1,1
access_amanat_payment_order_rule_director,amanat.payment_order_rule,model_amanat_payment_order_rule,group_amanat_director,1,1,1,1
access_amanat_payment_order_rule_fin_manager,amanat.payment_order_rule,model_amanat_payment_order_rule,group_amanat_fin_manager,1,1,1,1
access_amanat_payment_order_rule_senior_manager,amanat.payment_order_rule,model_amanat_payment_order_rule,group_amanat_senior_manager,1,1,1,1
access_amanat_payment_order_rule_manager,amanat.payment_order_rule,model_amanat_payment_order_rule,group_amanat_manager,1,0,0,0
access_amanat_payment_order_rule_inspector,amanat.payment_order_rule,model_amanat_payment_order_rule,group_amanat_inspector,1,0,0,0

access_amanat_money_cost_rule_admin,amanat.money_cost_rule,model_amanat_money_cost_rule,group_amanat_admin,1,1,1,1
access_amanat_money_cost_rule_director,amanat.money_cost_rule,model_amanat_money_cost_rule,group_amanat_director,1,1,1,1
access_amanat_money_cost_rule_fin_manager,amanat.money_cost_rule,model_amanat_money_cost_rule,group_amanat_fin_manager,1,1,1,1
access_amanat_money_cost_rule_senior_manager,amanat.money_cost_rule,model_amanat_money_cost_rule,group_amanat_senior_manager,1,1,1,1
access_amanat_money_cost_rule_manager,amanat.money_cost_rule,model_amanat_money_cost_rule,group_amanat_manager,1,0,0,0
access_amanat_money_cost_rule_inspector,amanat.money_cost_rule,model_amanat_money_cost_rule,group_amanat_inspector,1,0,0,0

access_amanat_contragent_gold_admin,amanat.contragent_gold,model_amanat_contragent_gold,group_amanat_admin,1,1,1,1
access_amanat_contragent_gold_director,amanat.contragent_gold,model_amanat_contragent_gold,group_amanat_director,1,1,1,1
access_amanat_contragent_gold_senior_manager,amanat.contragent_gold,model_amanat_contragent_gold,group_amanat_senior_manager,1,1,1,1
access_amanat_contragent_gold_manager,amanat.contragent_gold,model_amanat_contragent_gold,group_amanat_manager,0,0,0,0
access_amanat_contragent_gold_inspector,amanat.contragent_gold,model_amanat_contragent_gold,group_amanat_inspector,1,0,0,0

access_amanat_expense_rule_admin,amanat.expense_rule,model_amanat_expense_rule,group_amanat_admin,1,1,1,1
access_amanat_expense_rule_director,amanat.expense_rule,model_amanat_expense_rule,group_amanat_director,1,1,1,1
access_amanat_expense_rule_fin_manager,amanat.expense_rule,model_amanat_expense_rule,group_amanat_fin_manager,1,1,1,1
access_amanat_expense_rule_senior_manager,amanat.expense_rule,model_amanat_expense_rule,group_amanat_senior_manager,1,1,1,1
access_amanat_expense_rule_manager,amanat.expense_rule,model_amanat_expense_rule,group_amanat_manager,1,0,0,0
access_amanat_expense_rule_inspector,amanat.expense_rule,model_amanat_expense_rule,group_amanat_inspector,1,0,0,0

access_amanat_test_realtime_admin,amanat.test.realtime,model_amanat_test_realtime,group_amanat_admin,1,1,1,1
access_amanat_test_realtime_director,amanat.test.realtime,model_amanat_test_realtime,group_amanat_director,1,1,1,1
access_amanat_test_realtime_fin_manager,amanat.test.realtime,model_amanat_test_realtime,group_amanat_fin_manager,1,1,1,1
access_amanat_test_realtime_fin_manager_jess,amanat.test.realtime,model_amanat_test_realtime,group_amanat_fin_manager_jess,1,1,1,1
access_amanat_test_realtime_senior_manager,amanat.test.realtime,model_amanat_test_realtime,group_amanat_senior_manager,1,1,1,1
access_amanat_test_realtime_manager,amanat.test.realtime,model_amanat_test_realtime,group_amanat_manager,0,0,0,0
access_amanat_test_realtime_inspector,amanat.test.realtime,model_amanat_test_realtime,group_amanat_inspector,1,0,0,0

access_amanat_zayavka_date_range_wizard_admin,amanat.zayavka.date.range.wizard,model_amanat_zayavka_date_range_wizard,group_amanat_admin,1,1,1,1
access_amanat_zayavka_date_range_wizard_director,amanat.zayavka.date.range.wizard,model_amanat_zayavka_date_range_wizard,group_amanat_director,1,1,1,1
access_amanat_zayavka_date_range_wizard_fin_manager,amanat.zayavka.date.range.wizard,model_amanat_zayavka_date_range_wizard,group_amanat_fin_manager,1,1,1,1
access_amanat_zayavka_date_range_wizard_senior_manager,amanat.zayavka.date.range.wizard,model_amanat_zayavka_date_range_wizard,group_amanat_senior_manager,1,1,1,1
access_amanat_zayavka_date_range_wizard_manager,amanat.zayavka.date.range.wizard,model_amanat_zayavka_date_range_wizard,group_amanat_manager,0,0,0,0
access_amanat_zayavka_date_range_wizard_inspector,amanat.zayavka.date.range.wizard,model_amanat_zayavka_date_range_wizard,group_amanat_inspector,1,1,1,0

access_amanat_reconciliation_date_range_wizard_admin,amanat.reconciliation.date.range.wizard,model_amanat_reconciliation_date_range_wizard,group_amanat_admin,1,1,1,1
access_amanat_reconciliation_date_range_wizard_director,amanat.reconciliation.date.range.wizard,model_amanat_reconciliation_date_range_wizard,group_amanat_director,1,1,1,1
access_amanat_reconciliation_date_range_wizard_fin_manager,amanat.reconciliation.date.range.wizard,model_amanat_reconciliation_date_range_wizard,group_amanat_fin_manager,1,1,1,1
access_amanat_reconciliation_date_range_wizard_fin_manager_jess,amanat.reconciliation.date.range.wizard,model_amanat_reconciliation_date_range_wizard,group_amanat_fin_manager_jess,1,1,1,1
access_amanat_reconciliation_date_range_wizard_senior_manager,amanat.reconciliation.date.range.wizard,model_amanat_reconciliation_date_range_wizard,group_amanat_senior_manager,1,1,1,1
access_amanat_reconciliation_date_range_wizard_manager,amanat.reconciliation.date.range.wizard,model_amanat_reconciliation_date_range_wizard,group_amanat_manager,0,0,0,0
access_amanat_reconciliation_date_range_wizard_inspector,amanat.reconciliation.date.range.wizard,model_amanat_reconciliation_date_range_wizard,group_amanat_inspector,1,1,1,0

access_amanat_swift_admin,amanat.swift,model_amanat_swift,group_amanat_admin,1,1,1,1
access_amanat_swift_director,amanat.swift,model_amanat_swift,group_amanat_director,1,1,1,1
access_amanat_swift_fin_manager,amanat.swift,model_amanat_swift,group_amanat_fin_manager,1,1,1,1
access_amanat_swift_fin_manager_jess,amanat.swift,model_amanat_swift,group_amanat_fin_manager_jess,1,1,1,1
access_amanat_swift_senior_manager,amanat.swift,model_amanat_swift,group_amanat_senior_manager,1,1,1,1
access_amanat_swift_manager,amanat.swift,model_amanat_swift,group_amanat_manager,0,0,0,0
access_amanat_swift_inspector,amanat.swift,model_amanat_swift,group_amanat_inspector,1,0,0,0

access_amanat_swift_api_config_admin,amanat.swift.api.config,model_amanat_swift_api_config,group_amanat_admin,1,1,1,1
access_amanat_swift_api_config_director,amanat.swift.api.config,model_amanat_swift_api_config,group_amanat_director,1,1,1,1
access_amanat_swift_api_config_fin_manager,amanat.swift.api.config,model_amanat_swift_api_config,group_amanat_fin_manager,1,1,1,1
access_amanat_swift_api_config_fin_manager_jess,amanat.swift.api.config,model_amanat_swift_api_config,group_amanat_fin_manager_jess,1,1,1,1
access_amanat_swift_api_config_senior_manager,amanat.swift.api.config,model_amanat_swift_api_config,group_amanat_senior_manager,1,1,1,1
access_amanat_swift_api_config_manager,amanat.swift.api.config,model_amanat_swift_api_config,group_amanat_manager,0,0,0,0
access_amanat_swift_api_config_inspector,amanat.swift.api.config,model_amanat_swift_api_config,group_amanat_inspector,0,0,0,0

access_amanat_zayavka_kassa_wizard_admin,amanat.zayavka.kassa.wizard,model_amanat_zayavka_kassa_wizard,group_amanat_admin,1,1,1,1
access_amanat_zayavka_kassa_wizard_director,amanat.zayavka.kassa.wizard,model_amanat_zayavka_kassa_wizard,group_amanat_director,1,1,1,1
access_amanat_zayavka_kassa_wizard_fin_manager,amanat.zayavka.kassa.wizard,model_amanat_zayavka_kassa_wizard,group_amanat_fin_manager,1,1,1,1
access_amanat_zayavka_kassa_wizard_senior_manager,amanat.zayavka.kassa.wizard,model_amanat_zayavka_kassa_wizard,group_amanat_senior_manager,1,1,1,1
access_amanat_zayavka_kassa_wizard_manager,amanat.zayavka.kassa.wizard,model_amanat_zayavka_kassa_wizard,group_amanat_manager,0,0,0,0
access_amanat_zayavka_kassa_wizard_inspector,amanat.zayavka.kassa.wizard,model_amanat_zayavka_kassa_wizard,group_amanat_inspector,1,0,0,0

access_amanat_signature_library_admin,amanat.signature.library,model_signature_library,group_amanat_admin,1,1,1,1
access_amanat_signature_library_director,amanat.signature.library,model_signature_library,group_amanat_director,1,1,1,1
access_amanat_signature_library_fin_manager,amanat.signature.library,model_signature_library,group_amanat_fin_manager,1,1,1,1
access_amanat_signature_library_senior_manager,amanat.signature.library,model_signature_library,group_amanat_senior_manager,1,1,1,1
access_amanat_signature_library_manager,amanat.signature.library,model_signature_library,group_amanat_manager,1,1,1,0
access_amanat_signature_library_inspector,amanat.signature.library,model_signature_library,group_amanat_inspector,1,0,0,0

access_amanat_zayavka_signature_position_admin,amanat.zayavka.signature.position,model_amanat_zayavka_signature_position,group_amanat_admin,1,1,1,1
access_amanat_zayavka_signature_position_director,amanat.zayavka.signature.position,model_amanat_zayavka_signature_position,group_amanat_director,1,1,1,1
access_amanat_zayavka_signature_position_fin_manager,amanat.zayavka.signature.position,model_amanat_zayavka_signature_position,group_amanat_fin_manager,1,1,1,1
access_amanat_zayavka_signature_position_senior_manager,amanat.zayavka.signature.position,model_amanat_zayavka_signature_position,group_amanat_senior_manager,1,1,1,1
access_amanat_zayavka_signature_position_manager,amanat.zayavka.signature.position,model_amanat_zayavka_signature_position,group_amanat_manager,1,1,1,1
access_amanat_zayavka_signature_position_inspector,amanat.zayavka.signature.position,model_amanat_zayavka_signature_position,group_amanat_inspector,1,0,0,0

access_amanat_zayavka_signature_assignment_admin,amanat.zayavka.signature.assignment,model_amanat_zayavka_signature_assignment,group_amanat_admin,1,1,1,1
access_amanat_zayavka_signature_assignment_director,amanat.zayavka.signature.assignment,model_amanat_zayavka_signature_assignment,group_amanat_director,1,1,1,1
access_amanat_zayavka_signature_assignment_senior_manager,amanat.zayavka.signature.assignment,model_amanat_zayavka_signature_assignment,group_amanat_senior_manager,1,1,1,1
access_amanat_zayavka_signature_assignment_fin_manager,amanat.zayavka.signature.assignment,model_amanat_zayavka_signature_assignment,group_amanat_fin_manager,1,1,1,1
access_amanat_zayavka_signature_assignment_manager,amanat.zayavka.signature.assignment,model_amanat_zayavka_signature_assignment,group_amanat_manager,1,1,1,1
access_amanat_zayavka_signature_assignment_inspector,amanat.zayavka.signature.assignment,model_amanat_zayavka_signature_assignment,group_amanat_inspector,1,0,0,0

access_amanat_calculator_50_usd_admin,amanat.calculator.50.usd.wizard,model_amanat_calculator_50_usd_wizard,group_amanat_admin,1,1,1,1
access_amanat_calculator_50_usd_director,amanat.calculator.50.usd.wizard,model_amanat_calculator_50_usd_wizard,group_amanat_director,1,1,1,1
access_amanat_calculator_50_usd_fin_manager,amanat.calculator.50.usd.wizard,model_amanat_calculator_50_usd_wizard,group_amanat_fin_manager,1,1,1,1
access_amanat_calculator_50_usd_fin_manager_jess,amanat.calculator.50.usd.wizard,model_amanat_calculator_50_usd_wizard,group_amanat_fin_manager_jess,1,1,1,1
access_amanat_calculator_50_usd_senior_manager,amanat.calculator.50.usd.wizard,model_amanat_calculator_50_usd_wizard,group_amanat_senior_manager,1,1,1,1
access_amanat_calculator_50_usd_manager,amanat.calculator.50.usd.wizard,model_amanat_calculator_50_usd_wizard,group_amanat_manager,1,1,1,1
access_amanat_calculator_50_usd_inspector,amanat.calculator.50.usd.wizard,model_amanat_calculator_50_usd_wizard,group_amanat_inspector,1,1,1,1

access_amanat_calculator_fixed_fee_admin,amanat.calculator.fixed.fee.wizard,model_amanat_calculator_fixed_fee_wizard,group_amanat_admin,1,1,1,1
access_amanat_calculator_fixed_fee_director,amanat.calculator.fixed.fee.wizard,model_amanat_calculator_fixed_fee_wizard,group_amanat_director,1,1,1,1
access_amanat_calculator_fixed_fee_fin_manager,amanat.calculator.fixed.fee.wizard,model_amanat_calculator_fixed_fee_wizard,group_amanat_fin_manager,1,1,1,1
access_amanat_calculator_fixed_fee_fin_manager_jess,amanat.calculator.fixed.fee.wizard,model_amanat_calculator_fixed_fee_wizard,group_amanat_fin_manager_jess,1,1,1,1
access_amanat_calculator_fixed_fee_senior_manager,amanat.calculator.fixed.fee.wizard,model_amanat_calculator_fixed_fee_wizard,group_amanat_senior_manager,1,1,1,1
access_amanat_calculator_fixed_fee_manager,amanat.calculator.fixed.fee.wizard,model_amanat_calculator_fixed_fee_wizard,group_amanat_manager,1,1,1,1
access_amanat_calculator_fixed_fee_inspector,amanat.calculator.fixed.fee.wizard,model_amanat_calculator_fixed_fee_wizard,group_amanat_inspector,1,1,1,1

access_amanat_calculator_125_usd_admin,amanat.calculator.125.usd.wizard,model_amanat_calculator_125_usd_wizard,group_amanat_admin,1,1,1,1
access_amanat_calculator_125_usd_director,amanat.calculator.125.usd.wizard,model_amanat_calculator_125_usd_wizard,group_amanat_director,1,1,1,1
access_amanat_calculator_125_usd_fin_manager,amanat.calculator.125.usd.wizard,model_amanat_calculator_125_usd_wizard,group_amanat_fin_manager,1,1,1,1
access_amanat_calculator_125_usd_fin_manager_jess,amanat.calculator.125.usd.wizard,model_amanat_calculator_125_usd_wizard,group_amanat_fin_manager_jess,1,1,1,1
access_amanat_calculator_125_usd_senior_manager,amanat.calculator.125.usd.wizard,model_amanat_calculator_125_usd_wizard,group_amanat_senior_manager,1,1,1,1
access_amanat_calculator_125_usd_manager,amanat.calculator.125.usd.wizard,model_amanat_calculator_125_usd_wizard,group_amanat_manager,1,1,1,1
access_amanat_calculator_125_usd_inspector,amanat.calculator.125.usd.wizard,model_amanat_calculator_125_usd_wizard,group_amanat_inspector,1,1,1,1

access_amanat_jess_rate_admin,amanat.jess_rate,model_amanat_jess_rate,group_amanat_admin,1,1,1,1
access_amanat_jess_rate_senior_manager,amanat.jess_rate,model_amanat_jess_rate,group_amanat_senior_manager,1,1,1,1
access_amanat_jess_rate_fin_manager_jess,amanat.jess_rate,model_amanat_jess_rate,group_amanat_fin_manager_jess,1,1,1,1
access_amanat_jess_rate_fin_manager,amanat.jess_rate,model_amanat_jess_rate,group_amanat_fin_manager,1,1,1,1
access_amanat_jess_rate_director,amanat.jess_rate,model_amanat_jess_rate,group_amanat_director,1,1,1,1
access_amanat_jess_rate_manager,amanat.jess_rate,model_amanat_jess_rate,group_amanat_manager,1,1,1,1
access_amanat_jess_rate_inspector,amanat.jess_rate,model_amanat_jess_rate,group_amanat_inspector,1,0,0,0